,get_mean,get_std,lower_b,upper_b,lower_b_ci,upper_b_ci,lower_bound_98,upper_bound_98
0,0.07726584465256987,0.10720956480669144,0.04084467954523576,0.11454926441222349,0.039333226878210156,0.1160607170792491,0.06912150917591026,0.19087849082408975
